<?xml version="1.0" encoding="utf-8"?>
<WebWorksHelpIX version="5.0" xmlns="urn:WebWorks-Help-Index-Schema">
  <g t="C" o="002">
    <i t="comments">
      <i t="how to send feedback about documentation">
        <j l="74" />
      </i>
    </i>
  </g>
  <g t="D" o="002">
    <i t="documentation">
      <i t="how to receive automatic notification of changes to">
        <j l="74" />
      </i>
      <i t="how to send feedback about">
        <j l="74" />
      </i>
    </i>
  </g>
  <g t="F" o="002">
    <i t="feedback">
      <i t="how to send comments about documentation">
        <j l="74" />
      </i>
    </i>
  </g>
  <g t="I" o="002">
    <i t="information">
      <i t="how to send feedback about improving documentation">
        <j l="74" />
      </i>
    </i>
  </g>
  <g t="S" o="002">
    <i t="suggestions">
      <i t="how to send feedback about documentation">
        <j l="74" />
      </i>
    </i>
  </g>
  <g t="T" o="002">
    <i t="Twitter">
      <i t="how to receive automatic notification of documentation changes">
        <j l="74" />
      </i>
    </i>
  </g>
</WebWorksHelpIX>